{"cameraMode":{"drawMode":0,"name":"Shaded","section":"Shading Mode"},"sceneLighting":false,"audioPlay":false,"sceneViewState":{"m_AlwaysRefresh":false,"showFog":true,"showSkybox":false,"showFlares":true,"showImageEffects":true,"showParticleSystems":true,"showVisualEffectGraphs":true,"m_FxEnabled":true},"in2DMode":false,"pivot":{"x":-45.309303283691409,"y":24.215919494628908,"z":-85.4000015258789},"rotation":{"x":-0.052167750895023349,"y":0.9278216361999512,"z":-0.14194437861442567,"w":-0.34099525213241579},"size":20.234878540039064,"orthographic":false}